USE TMDT

INSERT INTO Categories (CategoryId, Name, Status) VALUES
(104, 'Electronics & Digitals',0),
(105, 'Womens & Mens',0),
(106, 'Furnitures & Decors',0),
(107, 'Kids & Toys',0);

INSERT INTO Subcategories (SubcategoryId, Name, CategoryId, Status) VALUES
(67, 'TV & Videos', 104, 0),
(68, 'Tablets & Smartphones', 104, 0),
(69, 'Computer & Laptop', 104, 0),
(70, 'Cameras & Camcorders', 104, 0),
(71, 'Women s Fashion', 105, 0),
(72, 'Men s Fashion', 105, 0),
(73, 'Shoes & Sandals', 105, 0),
(74, 'Accessories', 105, 0),
(75, 'Bedroom', 106, 0),
(76, 'Living room', 106, 0),
(77, 'Kitchen & Dining', 106, 0),
(78, 'Office', 106, 0),
(79, 'Clothing', 107, 0),
(80, 'Stuffed Animals', 107, 0),
(81, 'Figures & Playsets', 107, 0),
(82, 'Games & Puzzles', 107, 0);

INSERT INTO Products(ProductId, Name, Price, Sale, Quantity, SubcategoryId, Description, Image, Status) VALUES
(1, 'Big Trefoil Tee', 41, 0, 41, 72, 'BIG TREFOIL TEE A COTTON GRAPHIC TEE CELEBRATING THE TREFOIL. Get into a  70s groove. Pulled from the archives, this adidas Trefoil tee keeps your t-shirt game fresh and clean. All-cotton jersey feels soft to the touch.', 'Big_Trefoil_Tee_Black.jpg', 1),
(2, 'ZENO TREFOIL TRACK PANTS ', 77, 0, 77, 72, 'ZENO TREFOIL TRACK PANTS TRICOT TRACK PANTS WITH A COLOUR-SHIFTING PRINT. Sporty in the front. Party in the back. Break the mould on adidas style with a slick, iridescent Trefoil print. The signature sheen of tricot on these track pants keeps your look old-school.', 'Zeno_Trefoil_Track_Pants_Black.jpg', 1),
(3, '3-STRIPES JACQUARD POLO SHIRT ', 64, 0, 64, 72, '3-STRIPES JACQUARD POLO SHIRT STRETCH COMFORT FOR A SMOOTH SWING. Every day on the golf course is a good day. This adidas 3-Stripes Collection Jacquard Polo Shirt brings the relaxed, light feeling of being on the green to your every move. Focus on the moment and shave strokes on every hole.', '3_Stripes_Jacquard_Polo_Shirt_Black.jpg', 1),
(4, 'KEY SPORT POLO SHIRT ', 64, 0, 64, 72, 'KEY SPORT POLO SHIRT SPORT-INSPIRED STYLE FOR THE GOLF COURSE. Bring fresh, classic style to your golf game. Every drive comes alive when you feel good. The adidas Key Sport Polo Shirt offers lightweight comfort for blue-sky days on the links.', 'Key_Sport_Polo_Shirt_Blue.jpg', 1),
(5, 'FREELIFT PRIMEBLUE TEE ', 47, 0, 47, 72, 'FREELIFT PRIMEBLUE TEE A TRAINING TEE YOU CAN FEEL GOOD ABOUT. Small movements become big gains. This adidas workout t-shirt gives you stay-put coverage through your pull-ups and shoulder presses. The subtle print draws inspiration from patterns in nature. It plays out on stretchy fabric that absorbs moisture, keeping you dry and ready for anything.', 'FreeLift_Primeblue_Tee_Gold.jpg', 1),
(6, '4KRFT PRIMEBLUE SHORTS ', 47, 0, 47, 72, '4KRFT PRIMEBLUE SHORTS VERSATILE WORKOUT SHORTS MADE WITH A FOCUS ON FIT AND FABRIC. Clean and simple, these adidas shorts slot easily into your workout wardrobe. The cut is slightly longer than our other training shorts. Think: board shorts equipped for HIIT. Plus, they re designed with extra focus on the details: minimal seams that follow your movement.', '4KRFT_Primeblue_Shorts_Black.jpg', 1),
(7, 'SATURDAY SHORTS ', 41, 0, 41, 72, 'SATURDAY SHORTS LIGHTWEIGHT RUNNING SHORTS FOR YOUR DAILY RUNS. Some days everything falls into place and the run feels effortless. Some days it feels like a victory just to get your shoes on. adidas Saturday shorts keep you dry and ready for anything. Woven fabric feels light and just right. Inner briefs give you breathable coverage and support. So get out there and find the run that s waiting for you.', 'Saturday_Shorts_Blue.jpg', 1),
(8, 'ADIDAS W.N.D. PRIMEBLUE JACKET ', 86, 0, 86, 72, 'ADIDAS W.N.D. PRIMEBLUE JACKET A VERSATILE JACKET DESIGNED WITH RECYCLED MATERIALS. Spring weather tends be fickle. It s sunny one minute, windy and drizzly the next. The adidas W.N.D. jacket has you covered with a water-repellent coating and mesh-lined hood to keep a good hair day from going bad. Added bonus: It s made from recycled ocean plastic, which means you stay drier while the planet stays healthier.', 'adidas_W.N.D._Primeblue_Jacket_Gold.jpg', 1),
(9, 'BIG LOGO TEE ', 28, 0, 28, 72, 'BIG LOGO TEE BIG AND BOLD GRAPHICS WITH A LOOSE LOOK. Stand out wherever you go. Made of soft cotton jersey, this t-shirt has a boxy cut and a loose fit to keep you flowing free and easy all day long. An adidas Badge of Sport covers the front of the shirt for a unique look that s unforgettable.', 'Big_Logo_Tee_White.jpg', 1),
(10, 'TANK TOP ', 37, 0, 37, 71, 'TANK TOP AN EASYGOING, MODERN ADIDAS TANK TOP. A gem from the past you can wear today. This tank top looks back on laid-back  90s vibes. It s true to adidas Originals with a Trefoil logo, and the sleek, tight fit creates a contemporary look.', 'Tank_Top_Black.jpg', 1),
(11, 'CROPPED HOODIE ', 64, 0, 64, 71, 'CROPPED HOODIE A NEW LAYER OF CLASSIC COMFORT. This hoodie joins a collection of wardrobe essentials that s all about tonal trends. Perfect to pair with creamy hues and soft shades for a head-to-toe foundational look. ​  This is casual style that s made to stand out with shimmery details because whether you re on the sofa or heading out – you always like to be extra. Your perfect layer to go with any ensemble.', 'Cropped_Hoodie_Beige.jpg', 1),
(12, 'PRIMEBLUE SHORTS ', 43, 0, 43, 71, 'PRIMEBLUE SHORTS HIGH-WAISTED SHORTS FOR WORKING OUT, STAYING IN AND EVERYTHING IN BETWEEN. From the moment you could walk, the world became your playground. And as you ve grown, your relationship with the earth has too. Those daily runs and pickup games help fuel you, calm you and ground you. Give back to the earth what it s given you in the adidas Primeblue Shorts. Their wrinkled finish transforms the crinkled look of plastic bags and bottles into something of beauty, and brings you versatile style. Since they re already wrinkled, just throw them in your gym bag without a second thought.', 'Primeblue_Shorts_White.jpg', 1),
(13, 'OWN THE RUN PRIMEBLUE TIGHTS ', 52, 0, 52, 71, 'OWN THE RUN PRIMEBLUE TIGHTS LIGHTWEIGHT RUNNING TIGHTS WITH A HIGH-RISE WAIST. You run to learn the city. Each neighbourhood the site of a million stories, each street a character in an ongoing conversation. These adidas running tights give you the freedom to explore. Lightweight stretch knit keeps you feeling dry and comfortable as you navigate the city s twists and turns. A QR code connects to a running playlist shared with runners all around the world.', 'Own_The_Run_Primeblue_Tights_Blue.jpg', 1),
(14, 'GRAPHIC TEE ', 37, 0, 37, 71, 'GRAPHIC TEE A HERITAGE ADIDAS T-SHIRT WITH A BOLD FLORAL GRAPHIC. Sometimes all you need is a casual tee. Pick a fresh look from the closet. The bold floral graphic on this adidas t-shirt adds a fresh touch to a heritage staple.', 'Graphic_Tee_White.jpg', 1),
(15, 'ADIDAS PANTS ', 73, 0, 73, 71, 'ADIDAS PANTS WIDE-LEG PANTS WITH UTILITY-INSPIRED DETAILS. When you think of Copenhagen, what comes to mind? The adidas Bellista collection looked to the streets of one of the world s most exciting fashion capitols to bring that image and feeling to the body. The roomy drape of the adidas Pants elicits a sense of movement as you wander your own city. Snap buttons on the cuffs add an unexpected touch, nodding to Copenhagen s high attention to detail. Because no detail is too small to make a difference.', 'adidas_Pants_Pink.jpg', 1),
(16, 'CREW SWEATSHIRT SET ', 56, 0, 56, 79, 'CREW SWEATSHIRT SET A KIDS  ADIDAS TWO-PIECE SET THAT S INSPIRED BY TROPICAL CLIMATES. First comes comfort, then comes style. A tropical twist of colour and floral print brings some fun to this kids  set. Inspire a love of nature with the botanical design.', 'Crew_Sweatshirt_Set_Pink.jpg', 1),
(17, 'TREFOIL SHORTS TEE SET ', 43, 0, 43, 79, 'TREFOIL SHORTS TEE SET A TEE-AND-SHORTS OUTFIT THAT OFFERS AUTHENTIC ADIDAS ORIGINALS STYLE. A classic sport look that s ready for warm weather. This kids  two-piece set comes with a t-shirt that flashes a big Trefoil logo and shorts with classic 3-Stripes. The tee is made of cotton jersey fabric, and the shorts come in doubleknit for a soft, smooth feel.', 'Trefoil_Shorts_Tee_Set_Red.jpg', 1),
(18, 'BIG TREFOIL SHORTS TEE SET ', 47, 0, 47, 79, 'BIG TREFOIL SHORTS TEE SET AN ADICOLOR SHORTS AND TEE SET WITH CLASSIC TREFOILS. Legit old-school adidas. Keep your kids  style fresh with this two-piece outfit. Both the t-shirt and shorts are made of French Terry for a soft feel. Summer, here they come.', 'Big_Trefoil_Shorts_Tee_Set_Blue.jpg', 1),
(19, 'TRACK SUIT ', 64, 0, 64, 79, 'TRACK SUIT A MODERN TRACK SUIT MADE FOR THE OFF-DUTY ATHLETE. Dress in sporty style between training sessions. This track suit blends easygoing comfort with iconic looks. The track jacket has a roomy shape while the pants have a flattering slim fit. Both pieces are made of a soft heathered knit.', 'Track_Suit_Black.jpg', 1),
(20, '43LM6300PTB LG SMART TV 43 ', 447, 8, 411, 67, 'Full-HD quality with new heights Dynamic Color Enhancer Quad Core Processor True HDR image source for excellent detail DTS Virtual: X delivers more multi-dimensional audio than Dolby Audio ™ Audio experience cinema', 'lg-43LM6300PTB.jpg', 1),
(21, '43LM5700PTC LG SMART TV 43 ', 425, 12, 374, 67, 'Full-HD quality with new heights Dynamic Color Enhancer Quad Core Processor True HDR image source for excellent detail DTS Virtual: X delivers more multi-dimensional audio than Dolby Audio ™ Audio experience cinema', 'lg-43LM5700PTC.jpg', 1),
(22, '49LK5700PTA LG SMART TV 49 ', 640, 3, 621, 67, 'Full HD 1080P Display Dynamic Color The core of Active HDR capturing images delivers true-to-life images Virtual surround sound Full of home entertainment', 'lg-49LK5700PTA.jpg', 1),
(23, '55LH575T LG SMART TV 55 ', 876, 10, 789, 67, 'Image processor chip: Triple XD Engine Metal design Vivid surround sound Clear Voice filter mode', 'lg-55LH575T.jpg', 1),
(24, '49LJ550T LG SMART TV 49 ', 597, 0, 597, 67, 'Upgraded resolution (Resolution Upscaler) Slim, sophisticated design Virtual Surround Plus Audio WebOS 3.5', 'lg-49LJ550T.jpg', 1),
(25, 'iPhone 11 Pro Max 256GB', 1460, 6, 1373, 68, 'iPhone 11 Pro Max is a product for those who are looking for perfection during the phone experience. With this iPhone, Apple has reached its peak by optimizing all internal factors such as performance, camera, battery and design in the best way.', 'iphone-11-pro-max-256gb.jpg', 1),
(26, 'iPhone 6s Plus 32GB', 344, 9, 313, 68, 'Apple iPhone 6s Plus is the largest screen iPhone, allowing users to do more things on a large space. In addition, new features such as iOS 10, 3D Touch, Live Photos or excellent 12MP camera will bring you the most satisfaction when using a really high-end smartphone.', 'iphone-6s-plus-32gb.jpg', 1),
(27, 'Xiaomi Redmi Note 9 4GB-128GB ', 215, 7, 200, 68, 'The Xiaomi Redmi Note 9 continues the success story of the Redmi series, Xiaomi s best-selling phone ever. With incredible power, outstanding battery life and 4 professional AI cameras, the Redmi Note 9 will bring unprecedented experience to budget smartphone users.', 'xiaomi-redmi-note-9.jpg', 1),
(28, 'Samsung Galaxy A31', 279, 10, 251, 68, 'Owning Samsung Galaxy A31, you get a visual experience not inferior to any high-end smartphone with a brilliant 6.4-inch widescreen. In addition, the ability to take professional photos thanks to the four-camera cluster on the back is also a plus point not to be missed when it comes to the Galaxy A31.', 'samsung-galaxy-a31.jpg', 1),
(29, 'Samsung Galaxy S20+', 945, 9, 860, 68, 'Samsung S20 + super product has appeared. Show off your true level with a premium design, beautiful big screen, 5 professional cameras, and incredible performance.', 'samsung-galaxy-s20-plus.jpg', 1),
(30, 'iPad 2019 10.2 Wi-Fi + 4G 32GB', 601, 7, 559, 68, 'iPad 2019 10.2 4G Wi-Fi 32GB is the optimal iPad version for most users, with a handy 4G connection, a large screen, compatible with Apple Pencil and Smart Keyboard accessories.', 'ipad-2019-102-wi-fi-4g-32gb.jpg', 1),
(31, 'Huawei MediaPad T5 10', 215, 5, 204, 68, 'Huawei MediaPad T5 10 is an affordable tablet with a modern and luxurious design. It also features a large, vibrant display and good performance.', 'huawei-mediapad-t5-10.jpg', 1),
(32, 'Masstel Tab 10 Plus', 99, 3, 96, 68, 'The price is very affordable for users, but Masstel Tab 10 Plus has a modern and luxurious design. Besides, it has a large screen and the configuration is quite good for your entertainment.', 'masstel-tab-10-plus.jpg', 1),
(33, 'Samsung Galaxy Tab A8 (2019)', 159, 9, 145, 68, 'The concept of a tablet phone first appeared with Samsung Galaxy Tab A 8.0 (2019). This is a tablet capable of making calls and using all day with a screen and a huge battery.', 'samsung-galaxy-tab-a8-2019.jpg', 1),
(34, 'iPad Pro 11 WI-FI 4G 64GB', 1117, 2, 1094, 68, '11-inch iPad Pro brings a perfect experience in a compact device. Full-screen design, incredible power, FaceID face recognition and the most advanced technology ever.', 'ipad-pro-11-wi-fi-4g-64gb.jpg', 1),
(35, 'Acer Nitro AN515-43-R84R/NH.Q5XSV.001', 773, 5, 734, 69, 'In the 2019 Nitro 5 series, the Acer Nitro AN515-43-R84R is a top-notch gaming laptop using AMD s configuration, with a distinctive thin bezel design and impressive surround sound.', 'acer-nitro-an515-43-r84r-nh-q5xsv-001.jpg', 1),
(36, 'Asus TUF FX505DY-AL133T R5 3550H/8GB/512G SSD/15.6 FHD/AMD RX560X-4GB/WIN10', 816, 3, 792, 69, 'Asus TUF FX505DY-AL133T is a cheap gaming laptop but still possesses remarkable power thanks to AMD hardware, giving great performance in an attractive price range.', 'asus-tuf-fx505dy-al133t-r5-3550h.jpg', 1),
(37, 'Masstel L133/Celeron N4000/4GB/128GB SSD/DOS', 258, 11, 229, 69, 'Believe it or not, the laptop with just over 5 million dong has a beautiful, sleek monolithic aluminum design, good configuration with an SSD, that s what Masstel L133 gives you.', 'masstel-l133-celeron-n4000-4gb-128gb-ssd-dos.jpg', 1),
(38, 'Asus Vivobook X509MA-BR062T N4000/4G/256GB SSD/Win 10', 301, 15, 256, 69, 'Asus Vivobook X509MA-BR062T is a cheap laptop but still has a stylish design, a thin bezel screen and ultrafast SSD hard drive, meeting the learning needs, suitable for students.', 'asus-vivobook-x509ma-br062t-n4000.jpg', 1),
(39, 'HP 15s-du0059TU Pentium N5000/4GB/1TB/WIN10', 344, 18, 282, 69, 'HP 15s-du0059TU is a cheap laptop option suitable for students, students and office workers. The highlight of this laptop is its beautiful design, big screen but still very compact.', 'hp-15s-du0059tu-pentium-n5000.jpg', 1),
(40, 'Lenovo Ideapad L340-15IRH i5 9300H/8GB/512GB SSD/3GB GTX1050/WIN10', 773, 15, 657, 69, 'Lenovo Ideapad L340-15IRH-81LK019KVN is a serious gaming laptop really for gamers with all the power and performance needed to play today s popular titles. A full size keyboard with backlight around. And a sleek, fashionable appearance following the current design language trend.', 'lenovo-ideapad-l340-15irh-i5-9300h.jpg', 1),
(41, '4D RUN 1.0 LTD SHOES ', 236, 0, 236, 73, '4D RUN 1.0 LTD SHOES LIMITED-EDITION RUNNING SHOE WITH INNOVATIVE CUSHIONING. Made to steal the headlines, powered by the future. The 4D Run 1.0. A limited-edition colourway influenced by the hues of Miami.  Combining innovation with data to enhance performance, the creation of the 3D-printed sole is based on 17 years of athlete insights. Each thread is individually constructed millimetre by millimetre using engineered mesh.  A Parley Ocean Plastic® textile upper provides support, breathability and flexibility – all without compromising on style.', '4D_Run_1.0_LTD_Shoes_White.jpg', 1),
(42, 'ADILETTE COMFORT SLIDES ', 34, 0, 34, 73, 'ADILETTE COMFORT SLIDES ULTRA-SOFT SLIDES MADE FOR ENERGY RETURN. Slip into pillowy-soft comfort with these men s slides. They re made with a cloudfoam plus footbed so your feet feel energised after your swim.', 'Adilette_Comfort_Slides_Black.jpg', 1),
(43, 'PRIMEBLUE ULTRABOOST 20 SHOES ', 215, 0, 215, 73, 'PRIMEBLUE ULTRABOOST 20 SHOES INNOVATIVE RUNNING SHOES WITH PRECISELY PLACED SUPPORT. Confidence doesn t just happen. It has to be built one run at a time. adidas Primeblue Ultraboost 20 Shoes are your go-to training partner for your best runs. The stretchy knit upper allows your foot to move naturally, while the flexible outsole keeps your transitions smooth. So your run feels effortless and build reserves of confidence you can take with you back to the rest of your life.  ', 'Primeblue_Ultraboost_20_Shoes_White.jpg', 1),
(44, 'ALPHAEDGE 4D SHOES ', 322, 0, 322, 73, 'ALPHAEDGE 4D SHOES CROSS-TRAINING SHOE WITH A HIGH PERFORMANCE MIDSOLE Add an edge to your game with the new AlphaEdge 4D. Designed for peak performance during your cross-training workouts, this model features a 3D-printed midsole. The lattice structure was developed using years of athlete data to deliver precisely-tuned support and cushioning right where you need it. The process is called digital light synthesis - light creates the shape of the sole, heat sets it. This model features iridescent panels inspired by the galaxy. Our formula for the future.', 'AlphaEDGE_4D_Shoes_Black.jpg', 1),
(45, 'CONTINENTAL 80 SHOES ', 107, 0, 107, 73, 'CONTINENTAL 80 SHOES SHOES THAT RULE THE HIGHEST COURT. Get served. These  80s-inspired adidas Continental Shoes ace all your fave looks. The classic white leather is clean and simple, a perfect pairing for weekend sweats and jeans. The webbing stripe and textile lining are just bonus points.', 'Continental_80_Shoes_White.jpg', 1),
(46, 'Video Camera Camcorder Digital YouTube Vlogging Camera Recorder kicteck Full HD 1080P 15FPS 24MP 3.0 Inch 270 Degree Rotation LCD 16X Digital Zoom Camcorder with 2 Batteries(604s)', 76, 0, 76, 70, '[Multifunctional Camcorder]: This video camera max supports 1080P(15FPS) AVI Video Resolution, 24M(6000x4500) JPEG Image Resolution. 3.0 inch LCD Screen and supports 270°rotation, 16X digital zoom, built-in fill light, Anti-shaking, Face Capture, Beauty Function, Self-timer, Webcam function, Pause function, USB 2.0, TV Output and so on. [Webcam Video Camera]: The digital camera has a Webcam function. When you want to video chat with your friends or family but without a cam on your computer, you may need this function. By connecting the computer with a USB cable, then choose the “PC CAM” mode as a webcam. Please download the software “AMCAP” before using the PC-CAM function, then enter the video interface, and then you can video chat with your friends. [Pause Function]: The camcorder supports the pause function, a good choice for YouTube and Vlogging. You can continue the recording in the same File without restarting a new one. And then you can download the video to your computer through a USB cable and then edit it before uploading to your social media. [Recording While Charging]: The digital camera comes with two 1500mAh 3.7V rechargeable batteries(Model: NP-FV5) One full-charged battery can be sustainably used for 60-90 minutes. Or you can record videos while charging, in this case, you can record long enough videos as you wish and no need to worry about battery drains. The digital camera supports SD card 4GB to 32GB(The SD card is not included in the package, and please format the SD card before using this camera). [Portable Camcorder]: The camcorder is small and lightweight, portable for you to carry around. The camcorder can support external LED light and standard tripod but not support external microphone(LED light and tripod are not included in the package). If you have any problems or concerns, please feel free to contact us. Our friendly customer service will do our best to solve your problem within 24 hours.', 'Camcorder-Vlogging-Recorder-kicteck-Batteries.jpg', 1),
(47, 'Video Camera Camcorder with Microphone, VideoSky FHD 1080P 30FPS 24MP Vlogging YouTube Cameras 16X Digital Zoom Camcorder Webcam Recorder with Remote Control, 3.0 Inch 270° Rotation Screen', 90, 0, 90, 70, '[HP1080P & 24MP & 30FPS CAMCORDER] The camcorder has HP1080P resolution and 24.0 mega pixels. Optical image dimming technology exceeds international standards. Supports taking high-quality photos or videos. In terms of image, color, and optical performance, it is superior to others. 30FPS allows you to get smoother videos. Capture the most exciting moments. The equipped remote control allows you to control camcorder from a distance of 7 meters.  🔥[WEBCAM & MULTIFUNCTION]-The video camera can be used as webcam. Open the Youtube, Facebook and Instagram pages to live streaming. You can also make video chat with friends or family. The Video camera for youtube vlogging has 3-inch & 270-degree rotating screen. It also has 16X digital zoom, anti-shake, facial detection, facial beauty, built-in fill light, pause and other functions. The pause function allows you to pause recording and resume playback without starting a new file. 🔥[With MICROPHONE & ANTI-SHAKE]-The camcorder for youtube use XY stereo pickup technology. Eliminating noise and NCR noise during recording. Suitable for conference recording, classroom teaching, news interviews, wedding shooting, outdoor travel, song and dance shooting. Camcorder with microphone adopts 6-axis enhanced level image stabilization, which the anti-shake effect is better. 🔥[HOT SHOE & LOONG TIME SHOOTING]-As an advantage of VIDEOSKY, the video camera camcorder with microphone has a built-in fill light to make photos and videos better. This digital camera has a hot shoe mount on the top for external microphones and external fill lights (not included). The standard screw holes on the bottom fit most tripods (not included with tripods). The video camera camcorder for youtube vlogging It support recording video while shooting, no need to worry about battery drain. 🔥[IDEL GIFT & AFTER-SALE SE', 'VideoSky-micrófono-Vlogging-Camcorder-Grabadora.jpg', 1),
(48, 'Camcorder Video Camera YEEHAO WiFi HD 1080P 24MP 16X Powerful Digital Zoom Camera with Microphone and Wide Angle Lens Remote Control Lens Hood Infrared Night Vision YouTube Vlogging Camera Recorder', 170, 0, 170, 70, 'Camcorder with External Microphone: External Microphone Adopts X-Y stereo pickup technology, clear and stable sound image localization.It “built-in a rechargeable battery”,the battery charging interface is Mini USB,use the usb cable to charge it.It also built-in “power output function” is equipped with a dedicated charging cable to “charge the camcorder”(push the switch to the top.)The external microphone has \"Hot Shoe\": It can be used to connect to other equipment,such as fill light. Camera with Wide Angle Lens＆Lens Hood: The camcorder comes with a professional 0.39X super 2-in-1 wide angle lens (with macro lens).The super wide angle lens can be widely used for big scenery, such as Buildings, Landscapes.The focal lens of the macro lens is only for close-up shooting of the micro object,such as flowers.The camcorder comes with a lens hood.It can block excess light and protect your camcorder lens from accidental damage.It improves the photos overall color and contrast. WiFi& IR Night Vision Camera Camcorder: By WiFi connection,the camera can connect to the the smartphone.The smartphone APP can be used to control the camera,including browsing photo albums and downloading the files from camera to the Mobile phone or Tablet for sharing,as well as a remote control by the APP control.(Read the user manual to download the APP).Under IR Night Vision,the camera can shoot high definition image videos,work perfectly in the darkness,also shoot great in low light. Camcorder with Remote Control: The camcorder come with an infrared remote control(Not included the 2xAAA batteries ).Through the remote control buttons,take photoes and videos by yourself, control TV playback or pause the camcorder videos from the remote place(Within 10 meters).The camcorder support the pause function.Please press the camcorder “MENU” button to pause the videos while you are recording(Without starting a new file).The camcorder also support the record the videos while charging. HD Multifunction Camer', 'Camcorder-YEEHAO-Powerful-Microphone-Infrared.jpg', 1),
(49, 'Canon VIXIA HF R800 Camcorder (Black) + SanDisk 64GB Memory Card + Digital Camera/Video Case + Extra Battery BP-727 + Quality Tripod + Card Reader + Tabletop Tripod/Handgrip - Deluxe Accessory Bundle', 309, 0, 309, 70, 'This Photo4Less Top Value Camcorder With USA Warranty and manufacturer s supplied Accessories Kit includes: Canon VIXIA HF R800 Camcorder (Black) - Sandisk Ultra SDHC 64GB 80MB/S Class 10 Flash Memory Card - Photo Video Quality Tripod Digital Camera/Video Carrying Case - Extra Battery BP-727 for Canon Camcorder - Hi-Speed SD USB Card Reader - 5 Piece Cleaning Kit - Tri-fold Memory Card Wallet - Tabletop Tripod / Handgrip Record up to 1920 x 1080/60p Video - Canon 3.28MP Full HD CMOS Sensor - DIGIC DV 4 Image Processor - 57x Advanced Zoom & SuperRange O.I.S. Capacitive 3\" LCD Touch Panel Display - SD/SDHC/SDXC Memory Card Slot - Highlight Priority Mode - Fast & Slow Motion Recording', 'Camcorder-SanDisk-Digital-Tabletop-Handgrip.jpg', 1),
(50, 'DJI Osmo Action - 4K Action Cam 12MP Digital Camera with 2 Displays 36ft Underwater Waterproof WiFi HDR Video 145° Angle, Black', 379, 0, 379, 70, 'Dual Screens: Osmo Action’s dual screens allow you to capture it all with the touch of a button. A vivid front screen lets you frame yourself effortlessly in any setting, while the back screen delivers a crystal-clear, hyper-responsive display. This durable, versatile action camera is jam-packed with advanced technology that lets you spend less time worrying about equipment and more time living the action. The RockSteady technology combines EIS with complex algorithms, delivering stable, shake-free footage no matter how heavy the action gets. Action camera with 1/2.3\" CMOS Sensor, 12MP, wide-angle 145° that allows you to shoot 4K HDR videos. 8x Slow Motion: Capture every epic move with jaw-dropping clarity and detail when you use 8x slow motion with 1080p resolution and 240fps. Time-lapse: Condense time and movement for stunning, easy-to-achieve results. 11m Waterproof, -10℃ Temperature Resistant Sporting a watertight seal and a hydrophobic coating on the back touchscreen, Osmo Action is waterproof at depths of up to 11 meters, making it the perfect underwater companion. Versatile batteries perform well even in extremely cold environments with temperatures as low as -10℃. What you get: DJI Osmo Action, Camera Frame, Flat Adhesive Mount, Curved Adhesive Mount, Quick-Release Base, Battery, Battery Case, Locking Screw, USB-C Cable DJI Mimo App requires iOS 10.0, Android 7.0 or above. Compatible devices include: iPhone 11 Pro Max, 11 Pro, 11, XS Max, XS, XR, X, 8 Plus, 8, 7 Plus, 7, 6s Plus, 6s, 6 Plus, 6, SE, Samsung Galaxy S10+, S10, S9+, S9 , S9+, S9, S8+, S7, S7 Edge, S6, S6 Edge, Note 8, Huawei P30 Pro, P30, P20, P10, Mate 10 Pro, Mate 10, Mate 9 Pro, Mate 9, Honor 10, Honor 9, Vivo NEX, Xiaomi Mi MIX 2S, Mi 8, Mi 6, OnePlus 7, 6T, 5, Pixel 3 XL, 2 XL, 2, Google Pixel 2 XL, Pixel 2', 'DJI-Digital-Displays-Waterproof-HDR-Video.jpg', 1),
(51, '32GB MicroSD memory card Toshiba C10 UHS-1 M203', 13, 0, 13, 74, 'Class Class 10 Capacity 32 GB 12-month warranty period Toshiba brand Read speed 100MB / s', 'the-nho-microsd-32gb-toshiba-c10-uhs-1-m203.jpg', 1),
(52, 'MDMH Tempered Glass Samsung A51 YVS', 6, 0, 6, 74, 'Compatible models 1 Galaxy A51 Type of Tempered Glass Stickers Origin of Vietnam Warranty period No warranty YVS brand', 'mdmh-kinh-cuong-luc-samsung-a51-yvs.jpg', 1),
(53, 'TWS Anker Soundcore Liberty Air 2 in-ear Bluetooth headphones - A3910', 129, 0, 129, 74, 'Plastic material Unpublished capacity Compatible models 1 Smartphone Compatible Laptop 2 series 1,000mAh battery capacity', 'tai-nghe-bluetooth-nhet-tai-tws-anker-soundcore-liberty-air-2-a3910.jpg', 1),
(54, 'Combo Bluetooth Bluetooth Speaker i.value FG206-01 Black Plastic + Wireless Mic', 94, 0, 94, 74, 'Sở hữu bộ combo loa i.value FG206-01, bạn sẽ có được trải nghiệm giải trí trọn vẹn khi kết hợp với micro đi kèm, sản phẩm hỗ trợ người dùng nghe đài FM hoặc thu âm giọng hát của mình và có diện mạo đẹp mắt, phù hợp để tô điểm không gian ấm cúng trong gian phòng mỗi gia đình.', 'Combo-Loa-Bluetooth-Karaoke-ivalue-FG206-01-Nhua-den--Mic-khong-day.jpg', 1),
(55, 'UmeTravel A4 2-port Quick Charger Adapter', 21, 0, 21, 74, 'UmeTravel A4 is an adapter that supports fast charging technology capable of high-speed charging of two smartphones. The product is equipped with many smart technologies that allow optimum efficiency as well as absolute safety for users. In addition, the advantages of compact and handy are also strong points worth you to use UmeTravel A4.', 'adapter-sac-nhanh-2-cong-umetravel-a4.jpg', 1),
(56, 'USB-C to Lightning MFI cable 1m UmeTravel Nylon braided MF1', 19, 0, 19, 74, 'The 1 meter length in office space will help UmeTravel Nylon braided MF1 cable maximize the advantage of data transmission and support charging for technology devices.  Owning two interactive heads including a Lightning and a USB-C, this cable will become a powerful tool in your use of Apple products.', 'cap-usb-c-to-lightning-mfi-1m-ume-travel-nylon-braided-mf1.jpg', 1),
(57, 'Backup battery Wireless Li-polymer 10000mAH UMETRAVEL PW1', 43, 0, 43, 74, 'ABS + PC Rubber Coating USB 2.0, Type-C output port MicroUSB input port Status LED Yes Durability / safety Explosion-proof, High-class battery core, Integrated explosion-proof IC', 'pin-sac-du-phong-wireless-li-polymer-10000mah-ume-travel-pw1.jpg', 1),
(58, 'HP 79A Ink Cartridge (For HP M12a, M12w)', 64, 0, 64, 74, 'Black colors Warranty 36 months HP brand', 'hp-79a-danh-cho-hp-m12a-m12w.jpg', 1),
(59, 'Zinus Michelle Compack 9-Leg Support Bed Frame, for Box Spring and Mattress Set, Queen', 33, 0, 33, 75, 'Stability and support with 9 legs and center bar Steel construction with easy locking system Recessed leg design for safety Low Stress, Easy Assembly : No tools needed For use with Box Spring and Mattress', 'Zinus-Compack-Support-Spring-Mattress.jpg', 1),
(60, 'AmazonBasics-Foldable-Platform-Under-Bed-Storage.jpg', 65, 0, 65, 75, 'Twin platform bed frame offers a quiet, noise-free, supportive foundation for a mattress; no box spring needed Made of durable steel with a sleek black finish; designed for sleepers up to 250 pounds Provides extra under-the-bed storage space with a vertical clearance of about 13 inches Accommodates a matching-size mattress; fast, easy setup—no tools required Product Dimensions: 75 x 39 x 14 inches (LxWxH); weighs 26.3 pounds', 'AmazonBasics-Foldable-Platform-Under-Bed-Storage.jpg', 1),
(61, 'Zinus Luis Quick Lock 14 Inch Metal Platform Bed Frame / Mattress Foundation / No Box Spring Needed, Queen', 70, 0, 70, 75, 'Quick Lock Construction for fast and easy assembly in minutes Strong Steel support for increased mattress life Eliminates the Need for a box Spring Allows for valuable under bed storage Worry free 5 year warranty', 'Zinus-Platform-Mattress-Foundation-Spring.jpg', 1),
(62, 'Olee Sleep 18\" Heavy Duty Queen Steel Slat, No Box Spring Needed, Black', 119, 0, 199, 75, 'Assembled dimensions: 81. 5\" x 61. 5\" x 18\" | Bed Frame Weight: 49.3 (lbs.) Unique Sturdy design - the frame encloses the mattress to prevent slipping with ample under-bed space Easy assembly – all the required hardware and tools are included/ headboard compatible Anti-slip Support Has a noise-free construction with reinforced leg structure', 'Olee-Sleep-Heavy-Non-slip-Support.jpg', 1),
(63, 'Zinus Abel 14 Inch Metal Platform Bed Frame with Steel Slat Support, Mattress Foundation, King', 82, 0, 82, 75, 'GO MINIMALIST - Less is more, especially with this modern and boldly outlined foundation that lends both strength and understated sophistication to your bedroom - two qualities that never go out of style NO BOX SPRING NEEDED - Reliable metal slats are designed to support and extend the life of your latex, memory foam or spring mattress without the need for a box spring; for twin and full sizes, slats are spaced 5.5 to 5.9 inches apart UNDERBED CLEARANCE - A 14 inch platform features 12 inches of underbed space perfect for storing extra odds and ends EASY ASSEMBLY - Metal slats are secured with our bolt-free Quick Lock assembly system to save you time and hassle; all parts, tools and instructions are shipped straight to your door in one efficiently packed box; set-up takes less than hour with a friend’s help Worry-free 5 year limited warranty included; mattress sold separately; twin size supports a maximum weight capacity of 250 pounds, while all other sizes can support up to 500 pounds', 'Zinus-Platform-Support-Mattress-Foundation.jpg', 1),
(64, 'Soft Modern Indoor Large Shaggy Rug for Bedroom Livingroom Dorm Kids Room Home Decorative, Non-slip Plush Fluffy Furry Fur Area Rugs Comfy Nursery Accent Floor Carpet 5x8 Feet, Grey', 55, 0, 55, 76, 'This Shag Fur Rug Made of the Softest Premium Synthetic Microfiber, the Fur Touched Silky Smooth Felling, Create a Cozy Area and Keep Your Feet Away from the Icy Floor in the Cold Winter This modern area rug is perfect for bedroom and those medium traffic areas in your home Featurs Hypoallergenicand non-toxic, no smell, no shed. This high quality decorative rugs is also kids and pets friendly Large size - 5 x 8 ft super soft rugs add a stylish edge to your living room, bedroom, baby nursery room, dorm room or any occasion Luxuriously plush 2-inch pile height for sink-in comfort. Enjoy fluffy and super soft feeling on your barefeet This soft shaggy rug ideal for friend s house warming gift, Christmas holiday gift and grandson, granddaughter, toddler, little baby girl/boy shower gift', 'Bedroom-Livingroom-Decorative-Non-slip-Nursery.jpg', 1),
(65, 'Star Projector Night Light, BAILONGJU Auto Roof Lights, Adjustable Romantic Violet Blue Interior Car Lights, Portable USB Night Light Decorations for Car, Ceiling, Bedroom', 26, 0, 26, 76, 'No need to install: plug the LED atmosphere light into any USB interfaces , Lightweight and flexible, it can be adjusted from multiple angles.  Easy to Carry: Small size and light weight. Portable. Adjust any project direction of star night light by bending freely design.  Beautiful and Romantic: The bright Starry effect creates a romantic atmospheres for your car roof or house, and can also be used to decorate birthdays or holiday parties.  This Star Projector Lights can be as a special gift to your friends or children.  Widely Use:This starry skylight can be used in room decor, car decor, usb night light for computer, power Bank, wall charge with usb interface,easy for usage Universal for cars, Decorative light, interior decoration lights, DJ lights.', 'Projector-BAILONGJU-Adjustable-Romantic-Decorations.jpg', 1),
(66, 'Lightshare 17.7 Inch Cherry Blossom Bonsai Tree, 48 LED Lights, 24V UL Listed Adapter Included, Metal Base, Warm White Lights, Ideal as Night Lights, Home Gift Idea', 20, 0, 20, 76, 'Cherry Blossom Bonsai Tree, 17.7   height, equipped with 48 LED lights; Warm White LEDs provide a warm glow Upgrade Power Supply :Safe USB powered,built-in LED lights are topped with rubber-constructed cherry blossoms giving off a soft, warm aura.eco-friendly,energy-Saving and Safe,so you can use it wherever you want Adjustable: Satisfy DIY need with the adjustable branches. You can bend the branches and the tree into any shape or more natural tree shape as you like. Build up exclusive tree light for yourself. Application: Ideal for indoor decoration or use as nightlight.Perfect for home, bedroom, living room, balcony, balcony window, office room, children s room, restaurant, porch, pavilion, shelf, for Christmas, New Year, parties, birthday parties, wedding ceremony, dinner party decoration. Items can be returned for refund within 30 days of purchase in most cases. Please contact the seller Lightshare via Amazon message for return inquiry.', 'Lightshare-Cherry-Blossom-Adapter-Included.jpg', 1),
(67, 'JOOFO Floor Lamp,30W/2400LM Sky LED Modern Torchiere 3 Color Temperatures Super Bright Floor Lamps-Tall Standing Pole Light with Remote & Touch Control for Living Room,Bed Room,Office（Black）', 60, 0, 60, 76, '[REMOTE CONTROL & TOUCH CONTROL]With the remote control, you can easily control the floor lamp without leaving the sofa and warm bed (with a 32.8/10m range).Add-on touch control, stepless brightness adjustment(brightness from 5% to 100%) by long touch. [Using-Life Longer 20% than Others]With high brightness and low heat LED advanced technology, it has the brightness of a 200W incandescent lamp.Long-term use will not heat up as it s made up of the acrylic materials.the light has a lifetime of up to 100,000 hours at the right current and voltage, which means lower maintenance and replacement costs, totally save money and energy. [3 Color Temperature & Stepless Dimming] In addition to stepless brightness adjustment,Joofo modern floor lamp has 3 different color adjustable temperature settings.Cold White,Natural White,Warm White(from 3000 K to 5000 K).With 2400 lumens, the Joofo led floor lamp bright enough for your bedrooms, family room, living room. [Save Space and safe base]The base is very heavy.Safe for your baby and pets.The base to provide a good stability from falling that can make sure safety and stable.And save space design,you can put it under your sofa or narrow corners.350 rotation you can adjust any angle you need it to make the light fit you. [Better lighting]Up light and the height of the light make you won’t stare your light directly which can provide your eyes well.', 'JOOFO-Torchiere-Temperatures-Lamps-Tall-Office.jpg', 1),
(68, 'subrtex Printed Curtains Blackout for Bedroom Living Room Kids Room Dining Room Valance Colorful Window Drapes 2 Panel Set (52   x 84  , Brown)', 50, 0, 50, 76, 'MATERIAL: Made with premium polyester microfiber fabric, these curtains have a rich luxurious look and feel. They will add to the ambiance of any room with their superior looks. As the fabric of these curtains is free from any chemicals or coating, they are safe for everyone. This makes it ideal for any room including a child’s bedroom. 2 PANELS SET: Sold per set including 2 panels. These curtains are easy to hang with large grommets that can be slipped through any standard curtain rod. The maximum width is 52” and they are available in three different lengths – 63”, 84” & 95”. FUNCTION: These curtains cut out 80% of the light and UV rays to darken the room. The curtain energy savers too as it don’t just cut out the light, but also provide insulation to the room. It ensure you a sound sleep and protect your privacy better. ATTRACTIVE DESIGN: Bring in a breath of fresh air into your room with the natural landscape prints of these curtains.It will add to the ambiance of any room with the superior look. EASY CARE: Machine wash on cold water, use only non-chlorine bleach when needed. Tumble dry on low and warm iron as needed.', 'subrtex-Printed-Curtains-Blackout-Colorful.jpg', 1),
(69, 'Stainless Steel Knife Set with Block - 13 Kitchen Knives Set Chef Knife Set with Knife Sharpener, 6 Steak Knives, Bonus Peeler Scissors Cheese Pizza Knife and Acrylic Stand by Home Hero', 55, 0, 55, 77, 'ALL-IN-ONE COMPLETE SET – A specialized set of kitchen knives for all your chopping needs. Includes 13 Professional Knives, kitchen scissors, bonus peeler, a premium quality 2-stage knife sharpener and a modern knife stand. A true cutlery organizer! PROFESSIONAL QUALITY AT ITS BEST – The best materials to update your cooking! This stainless-steel knife set gives you superior blades coated with nonstick paint plus ergonomic PP handles. Sharp, sturdy & practical. No rust, stains or pitting here! A MULTI-PURPOSE KITCHEN DÉCOR MUST – A perfect mix of design & practicality, featuring knives for all purposes: carving knife, utility knife, cheese knife, pizza knife, chef knife, bread knife, paring knife, steak knives. Excellent precision cutting! ONE OF A KIND STAINLESS STEEL KNIFE SET - Home Hero brings together a unique mix of quality sharpness, great value, durability & professional crafted accuracy. Now anyone, newbie cook or master chef can enjoy cooking much faster, easier, cleaner. READ THE MANUAL CAREFULLY - Please read the instruction manual provided with the Home Hero stainless steel knife set closely before use. If you have any questions or issues regarding the set please do not hesitate to send the seller a message through Amazon and we will respond within 24 hours.', 'Stainless-Steel-Knife-Set-Block.jpg', 1),
(70, 'Home Hero Kitchen Utensil Set - 23 Nylon Cooking Utensils - Kitchen Utensils with Spatula - Kitchen Gadgets Cookware Set - Best Kitchen Tool Set', 25, 0, 25, 77, '23 NYLON COOKING UTENSILS - Utensil Set includes everything you need to cook that perfect dish HIGH QUALITY THAT LASTS - These kitchen gadgets are made to stand the test of time. Top of the range 430 stainless steel handles provide greater durability than other plastic kitchen utensil sets PERFECT FOR NON-STICK - Nylon heads prevent these kitchen tools from scratching and damaging expensive non-stick pots and pans BEST VALUE FOR MONEY AROUND - this fully comprehensive high quality utensil set is available at an incredibly low price READ THE MANUAL CAREFULLY - Please read the instruction manual provided with the Home Hero nylon utensil set closely before use. If you have any questions or issues regarding the set please do not hesitate to send the seller a message through Amazon we will respond within 24 hours.', 'Home-Hero-Kitchen-Utensil-Set.jpg', 1),
(71, 'Fullstar Vegetable Chopper - Spiralizer Vegetable Slicer - Onion Chopper with Container - Pro Food Chopper - Slicer Dicer Cutter - 4 Blades', 21, 0, 21, 77, '4 INTERCHANGEABLE BLADES let you julienne, chop and slice vegetables with ease. Built-in chop lid lets you cut foods directly into the 1.2L collection tray without the mess of a knife and cutting board. STORAGE CONTAINER lets you hold prepared vegetables in the Fullstar Vegetable Cutter until you are ready to begin cooking. This 7-piece set is destined to become the favorite among all your home kitchen tools. RUST RESISTANT heavy-duty 420 stainless steel retains razor sharpness for crisp, smooth cutting and grating. Blades snap in and out with ease. Cut potatoes, tomatoes, cucumbers, carrots and more. SOFT GRIP HANDLE with rubberized TPU enhances leverage while the non-skid base ensures stability during use. Slice, dice, chop and cut fruits and vegetables safely and easily, in half the time. This compact chopper measures just 10.63”L x 4.72”H x 4.48”W. It can be fully disassembled for easy cleaning on the top shelf of your dishwasher. READ THE MANUAL CAREFULLY - Please read the instruction manual provided with the Fullstar food chopper closely before use. If you have any questions or issues regarding the chopper please do not hesitate to send the seller a message through Amazon and we will respond within 24 hours.', 'Vegetable-Chopper-Spiralizer-Slicer-Choppers.jpg', 1),
(72, 'Instant Pot Duo 7-in-1 Electric Pressure Cooker, Slow Cooker, Rice Cooker, Steamer, Saute, Yogurt Maker, and Warmer, 6 Quart, 14 One-Touch Programs ', 79, 0, 79, 77, 'Best Selling Model: America’s most loved multi cooker, built with the latest 3rd generation technology, the microprocessor monitors pressure, temperature, keeps time, and adjusts heating intensity and duration to achieve desired results every time Cooks Fast and Saves Time: The Instant Pot Duo multi-cooker combines 7 appliances in one: pressure cooker, slow cooker, rice cooker, steamer, sauté pan, yogurt maker and warmer – and cooks up to 70% faster Consistently Delicious: 14 one-touch Smart Programs put cooking ribs, soups, beans, rice, poultry, yogurt, desserts and more on autopilot – with tasty results Easy to Clean: Fingerprint-resistant stainless steel lid and components and accessories are dishwasher safe Plenty of Recipes: Free Instant Pot app on iOS and Android devices is, loaded with hundreds of recipes for any cuisine to get you started on your culinary adventure. Millions of users provide support and guidance in the many Instant Pot online communities Advanced Safety Protection - The 10+ built-in safety features, including Overheat Protection, Safety Lock and more to ensure safe pressure cooking Most Popular Size Capacity: 6-quart large capacity cooks for up to 6 people – perfect for families, and also great for meal prepping and batch cooking for singles and smaller households', 'Instant-Pot-Multi-Use-Programmable-Pressure.jpg', 1),
(73, 'Home Hero Silicone Cooking Utensils Kitchen Utensil Set - 8 Natural Acacia Wooden Silicone Kitchen Utensils Set - Silicone Utensil Set Spatula Set - Silicone Utensils Cooking Utensil Set', 30, 0, 30, 77, '✅ AVOID CHEAPER SILICONE & WOODEN KITCHEN UTENSILS COMPANIES THAT CUT CORNERS to squeeze more profit at your expense. Flimsy silicone that can’t flip your pancakes, wobbly kitchen spatula heads that detach from their handles after a few uses, and odd chemical smells leeching from your cooking tools are all signs of a low-quality kitchen gadgets set. OUR HOME HERO KITCHEN UTENSIL SETS ARE CRAFTED WITH the highest quality materials ✅ PRESERVE YOUR COOKWARE FOR YEARS by protecting it from scratches made by non silicone cooking tools. Your pots, pans and pocketbook will thank you! And how many times have you set your cooking tool down to come back to an ugly deformed spatula turner and a ruined melty plastic-infused dinner? This high quality non-stick silicone and wooden kitchen tools set means NO MORE MELTING PLASTIC KITCHEN ACCESSORIES! ✅ WHY ACACIA This is durable hardwood – important for the kitchen! – and can last up to 40 years with the proper care. The wooden handles have great heat insulation, protecting your hands from scalding. The silicone heads can withstand temperatures ranging from -22°F/-30°C to 392°F/200°C. ✅ FALL IN LOVE WITH COOKING ALL OVER AGAIN with Home Hero’s premium kitchen utensils set. While there are many choices that look good in photos, THE TRUE TEST IS BRINGING THOSE KITCHEN COOKING UTENSILS INTO YOUR KITCHEN. Their easy-to-grip, comfortable handles and balanced weight make cooking a joy and their large hanging holes help keep your cookware set orderly and organized. ✅ READ THE MANUAL CAREFULLY - Please read the instruction manual provided with the Home Hero stainless steel set closely before use. If you have any questions or issues regarding the set please do not hesitate to send the seller a message through Amazon we will respond within 24 hours.', 'Silicone-Cooking-Utensils-Kitchen-Utensil.jpg', 1),
(74, 'T-fal C530SC Signature Nonstick Dishwasher Safe Cookware Set, 12 Piece, Black', 80, 0, 80, 77, 'Set includes: 7.75 inch and 11 inch fry pans, 1 quart and 2 quart sauce pans with lids, a 5.5 quart dutch oven with lid, a 10.25 inch griddle, and a spoon, ladle, and slotted spatula Dishwasher safe: Easy to clean and dishwasher safe cookware set; Nonstick interior and exterior for low fat cooking and easy cleaning Use and care: Safe for all cooking methods except induction; PFOA, Lead, and Cadmium free.Wash the frying pan in hot water and washing-up liquid to remove any dust. Dry it and rub a little cooking oil into the non-stick coating before using for the first time Heats evenly: With our thermo spot indicator, know when our T fal pan is ready for use; Oven safe upto 350 Fahrenheit Ergonomic heat resistant handles for a comfortable grip; Vented tempered glass lids trap in heat and moisture', 'T-fal-Signature-Dishwasher-Thermo-Spot-Indicator.jpg', 1),
(75, 'Rachael Ray Cucina Nonstick Cookware Pots and Pans Set, 12 Piece, Agave Blue', 143, 0, 143, 77, 'SET INCLUDES: 1-Quart and 3-Quart Saucepans with Lids, 6-Quart Stockpot with Lid, 8.5-Inch and 10-Inch Frying Pans, 3-Quart Sauté Pan with Lid, Slotted Turner and Spoon DURABLE NONSTICK COOKWARE DESIGN: Nonstick pots and pans are crafted with durable aluminum and sturdy hard enamel porcelain exteriors ENHANCED PFOA-FREE NONSTICK: Cookware set features espresso-colored, PFOA-free nonstick for effortless food release CONVENIENCE AND CONTROL: The 12-piece cookware set boasts dual-riveted rubberized stainless steel handles and shatter-resistant glass lids; includes slotted turner and spoon OVEN SAFE: Oven safe to 400°F, the pots and pans are suitable for all stovetops, except induction RUSTIC COLORS AND MODERN DESIGN: Rachael Ray Cucina Cookware features rustic colors and modern design that fuses relaxed style and everyday functionality', 'Rachael-Ray-Porcelain-Nonstick-Cookware.jpg', 1),
(76, 'iTouchless 13 Gallon Stainless Steel Automatic Trash Can with Odor-Absorbing Filter, Wide Opening Sensor Kitchen Trash Bin, Powered by Batteries (not included) or Optional AC Adapter (sold separately)', 68, 0, 68, 77, 'UNCONDITIONAL PROMISE – Your 100 percentage satisfaction is assured and backed by a Full-Service Manufacturer s Promise for two years, including Dedicated Customer Support (see user manual for details) Control Odors – 1 Natural Carbon Odor Filter is included to absorb and neutralize trash odors, for a fresh and clean smelling home Extra-Long Battery Life – Only draws power as needed. 3X battery life of other sensor cans. 4 D size batteries (not included) can last up to 1.5 years 2 Power Options – Powered by batteries (not included), or optional AC Adapter (sold separately, see other product variation) for battery-free power Stainless Steel – Germ-resistant, fingerprint-proof surface is easy to clean. Modern design is perfect for any kitchen or office décor Space and Money Saver – Efficient rectangular shape fits in tight spaces and corners. Fits common 13 Gal trash bags, no expensive custom bags required Large Capacity – Efficient design requires no inner bucket, providing 25 percentage more capacity than similar cans. Extra-Wide 12\" lid opening for bulky items Premium Features – Retainer Ring prevents bag falling in. Air Vents create air flow to ease bag removal. Non-Skid Base. Manual open/close buttons', 'iTouchless-Stainless-Automatic-Odor-Absorbing-separately.jpg', 1),
(77, 'Soldier Action Figure Toy Army Men with Weapon Accessories/ SWAT Team Figure Military Playset for Boys Girls Children Kids 3 4 5 6 7 8 9 Years Old,Great as Christmas,Birthday,Set of 6 (Special Troops)', 16, 0, 16, 81, 'Detachable and Movable Body Parts -- You can seperate soldier action figure to pieces and change the shape as you like, the toy encourages young children to create scenarios of their own imagination. Well-Balance and Realistic Desgin -- Each soldier can stand alone and equipped with a unique weapon, which makes them more realistic. Portable Size -- Each Military Men Model is 3.75\" tall, just pefect for children s small hands. Perfect compatible with castles or other toys. Safe Material and Non-toxic Paint -- The Army men are made of plastic, the toy passed the CPSC certification to ensure the safety. Excellent Gift -- Special forces action figures are painted by hand one by one. Great gifts for Christmas,Halloween Day, Children Birthday, Military Theme Party Favors, Military action men Collector, Prepare it for your little kids or army fans lovers, they will be very pleasantly surprised', 'HAPTIME-Soldiers-Military-Figures-Playsets.jpg', 1),
(78, 'Peppa Pig s Red Car', 20, 0, 20, 81, 'Go for a ride with Peppa in her oinktastic red car! Car plays a melody, fun phrases, and snorting sounds Includes exclusive Peppa and Mummy Pig articulated figures Requires 2 AA batteries (demo batteries included) Collect the world of Peppa Pig!', 'Peppa-Pig-PEP0477-Red-Car.jpg', 1),
(79, 'The Last Kids On Earth - Tree House of Awesomeness Playset, Includes Exclusive Jack Action Figure & 2 Zombies', 20, 0, 20, 81, 'Help Jack, June, Quint, and Dirk defend their Tree Fortress of Awesomeness against Zombies and Monsters! Slide Jack down the Zip Line to face off against Chompin Blarg (sold separately) Launch a disc at the tree target and watch one side of the Tree Fortress collapse as part of monster destruction Tree Fortress stands overs 10 inches tall and can be used with The Last Kids on Earth figures. Collect all 4 Figure Hero Packs (each sold separately) Includes: 1 Tree Fortress, 1 ladder, 1 string, 1 hook, 1 bucket, 1 exclusive zip-lining Jack figure, 1 launcher, 3 disks, 2 zombies and 1 sticker sheet Suggested for Ages 6+', 'Last-Kids-Earth-Awesomeness-Exclusive.jpg', 1),
(80, 'SUPER MARIO Nintendo Deluxe Underwater Playset with 5 Interactive Environmentpiece – Includes 2.5” Mario Figure, 1-Up Mushroom Accessory & Warp Pipe Coin Launcher', 30, 0, 30, 81, 'Playset includes two and a half inch articulated Mario figure Five interactive environment pieces Blast Coins from the warp pipe launcher Includes 1-up mushroom accessory Clam shell opens/closes, hidden coin pops out of question block, coin wheel spins and big urchin moves up/down Reef and warp pipe launcher are interchangeable', 'Nintendo-Underwater-Playset-Feature-Accessories.jpg', 1),
(81, 'SUPER MARIO Nintendo Acorn Plains 2.5” Figure Multipack Diorama Set', 20, 0, 20, 81, 'Features iconic collectible figures bullet bill, Yoshi, question box, Mario, Goomba Unique diorama packaging is great for display and play! These authentic 5 figure gift sets are sure to please kids and collectors alike. Collect them all! For ages 3+', 'World-Nintendo-Plains-Figure-Diorama.jpg', 1),
(82, 'WWE Superstar Ring with 2 Swappable Ring Skirts, 1', 19, 0, 19, 81, 'It s 2-in-1 fun with the WWE Superstar Ring! Swap out the 2 ring skirts (included) to create a choice of 2 different events with 2 different authentic WWE logos just like the ones in the main event! Bounce action figures off the ropes and climb to the top of the turnbuckle and launch into signature moves -just like WWE Superstars! At 14-inches across, the ring s size means the arena can be fully loaded with WWE figures for big battle action (figures sold separately, subject to availability). WWE Superstar Ring is 2-in-1 fun for body-slammin , high-flying battles!', 'WWE-Superstar-Ring-Swappable-Skirts.jpg', 1),
(83, 'ThinkFun Fifteen Puzzle - Classic Puzzle Game, Perfect for Travel, Can Fit in Your Pocket For Age 8 and Up', 13, 0, 13, 82, 'Trusted by Families Worldwide - With over 50 million sold, ThinkFun is the world s leader in brain and logic games. Develops critical skills - Builds logic and problem solving skills through fun gameplay. What you get - Stainless steel construction, comes with leatherette travel case. Clear instructions – Easy to learn with a clear, high quality instruction manual. You can start playing immediately! Comes with multi-level challenges - The Fifteen Puzzle comes with 31 challenges.', 'Think-Fun-Fifteen-Puzzle-Classic.jpg', 1),
(84, 'Brain Games - Sherlock Holmes Puzzles Spiral-bound – January 1, 2018', 8, 0, 8, 82, 'Are your eyes are sharp and your deductions as accurate as those of Sherlock Holmes? Solve more than 100 puzzles themed around detection and the world s most famous--and favorite--consulting detective! Word searches, anagrams, cryptograms, and other puzzles will test your mettle and your Sherlock Holmes knowledge. Logic puzzles, coded puzzles, and visual puzzles will let you take on the role of consulting detective and see how sharp your eyes and mind are. Answer key included in the back of the book. 192 pages', 'Brain-Games-Sherlock-Holmes-Puzzles.jpg', 1),
(85, 'Katamino', 35, 0, 35, 82, 'One player brain teaser Recommended for ages 6 and up Over 500 different puzzles with increasing difficulty High quality wooden pieces Game of educational value', 'Gigamic-Katamino-Classic-Puzzle-Game.jpg', 1),
(86, 'Outward Hound, Nina Ottosson - Interactive Puzzle Game Toy for Dogs', 12, 0, 12, 82, 'BEGINNER DOG PUZZLE: This level 1 interactive dog puzzle toy is an entertaining dog treat dispenser that will prepare your pup for more challenging games. MENTAL STIMULATION: Exercise your dog’s brain with 9 removable treat dispensing compartments that keep pups busy while redirecting destructive behaviors. SLOW FEEDER: The Dog Smart toy is a great way to slow down meal times to improve digestion and prevent bloat, as well as being a fun and entertaining dog enrichment toy. EASY TO CLEAN: Made of tough plastic, this durable dog activity toy can be hand washed with soap and water after the dog treat dispenser compartments have been emptied. INTERACTIVE FUN: Nina Ottosson Dog Puzzle Games are smart, stimulating, and challenging for your dog’s brain. Place the dog board game on the floor and encourage your pet to seek treats. Fun for all dogs – regardless of age & size', 'Outward-Hound-Ottosson-Smart-Puzzle.jpg', 1),
(87, 'Educational Insights Kanoodle Genius | Brain Twisting 3-D Puzzle Game for Kids, Teens & Adults | Featuring Over 200 Challenges', 12, 0, 12, 82, 'MASTERED BEST-SELLING KANOODLE? Then it s time to see if you re a Kanoodle Genius 2-D & 3-D BRAIN-TWISTING PUZZLES: Kanoodle Genius is a puzzle game that includes 7 puzzle pieces, 202 advanced puzzle challenges, an 84-page puzzle book, and a carrying case. Perfect brain teaser, travel game PERFECT FOR ALL AGES from puzzle-loving, visual learning kids to puzzle-master adults. Perfect stocking stuffer for boys and girls, and kids, teens and adults THE ULTIMATE BRAIN WORKOUT! Kanoodle Genius sharpens spatial reasoning and critical thinking skills AT HOME LEARNING ACTIVITY: Makes a great activity for kids to stay engaged, entertained, and learning outside of the classroom. We are dedicated in providing resources that keep your kids learning and having fun while at home', 'Educational-Insights-3026-Kanoodle-Genius.jpg', 1),
(88, 'Artncraft 3-in-One Wooden Puzzle Games Set - 3D Puzzles for Teens and Adults - Includes Wood Interlocking Blocks, Diagonal Burr, and Snake Cube in Storage Box', 18, 0, 18, 82, '100% Wood Made in natural sheeshum wood Diagonal burr, snake cube, and interlocking blocks Neat wooden tray with compartments; 7 X 2.5 inches Meant for young adults and teens Handcrafted in India', 'Artncraft-One-Wooden-Puzzle-Games.jpg', 1),
(89, 'GUND World’s Cutest Dog Boo Itty Bitty Boo Unicorn Stuffed Animal Plush, 5\"', 12, 0, 12, 80, 'Polyester Blend Imported BOO + UNICORN: Get ready for a magical adventure with this plush version of Boo, The World s Cutest Dog, in a pink unicorn costume with sparkling ears & horn. Collect the whole Itty Bitty Boo series! SOFT & HUGGABLE: Made from a soft, huggable material that meets famous GUND quality standards, this plush toy features surface-washable construction for easy cleaning. Appropriate for ages 1 & up. THE PERFECT GIFT: Our plush dolls, teddy bears & stuffed animals make perfect gifts for birthdays, baby showers, baptisms, Easter, Valentine s Day & more! A perfect gift for any Boo or dog lover! QUALITY CUDDLES: Known for our huggable plush designs & gifts, our award-winning bears & toys appeal to all ages from infants & toddlers to adults. They re perfect for play, collecting & cuddling. PREMIER PLUSH: The oldest maker of soft toys in America & one of the first companies to produce a teddy bear, GUND has been creating unique stuffed animals known for their quality for over 120 years.', 'GUND-Worlds-Cutest-Unicorn-Stuffed.jpg', 1),
(90, 'ebba - Lil Benny Phant 10\" Lil Benny Phant - Grey', 17, 0, 17, 80, 'Measures 9\" Tall Super-soft plush and huggable body Endearing facial expression and body position', 'ebba-Benny-Phant-Grey-Plush.jpg', 1),
(91, 'GUND Rainbow Shimmer Caticorn Stuffed Animal Plush, Multicolor, 9\"', 17, 0, 17, 80, 'Unique Caticorn with pastel rainbow-colored plush, sparkling iridescent rainbow horn and fluffy tail with strands of sparkle Soft, huggable material built to famous GUND quality standards Complete the \"Corn\" collection with 9\" Dazzle Slothicorn and Glitz Pandacorn plush Surface-washable for easy cleaning; appropriate for ages 1+ 11-inch length (27.94 cm)', 'GUND-Rainbow-Shimmer-Caticorn-Multicolor.jpg', 1),
(92, 'GUND Nayla Cockapoo Dog Stuffed Animal Plush, 10.5\"', 20, 0, 20, 80, 'Breed-specific cockapoo coloring and design Soft, huggable plush built to famous GUND quality standards Surface-washable Ages 1+ 10.5 inch height (26.5 cm)', 'GUND-Nayla-Cockapoo-Stuffed-Animal.jpg', 1),
(93, 'Bedtime Originals Choo Choo Express Plush Elephant - Humphrey', 10, 0, 10, 80, 'Polyester Measures approximately 9\" long x 8.5\" wide, when sitting down', 'Bedtime-Originals-Express-Plush-Elephant.jpg', 1),
(94, 'Melissa & Doug Princess Soft Toys 9\" Plush Burrow Bunny', 13, 0, 13, 80, 'Melissa & Doug CUDDLY BUNNY RABBIT STUFFED ANIMAL: The Melissa & Doug Burrow Bunny Rabbit Stuffed Animal features long floppy ears with extra-soft plush fur and realistic-looking features HANDCRAFTED WITH CARE: This plush bunny stuffed animal toy has been crafted with superior materials. The soft polyester fabric makes it both huggable and durable MULTIPLE PLAYTIME OPPORTUNITIES: This Melissa & Doug stuffed rabbit toy provides children with many entertainment options. Kids can snuggle with their fuzzy bunny during story time, engage in play, and even read a story to their furry friend GIFT FOR AGES 3 AND UP: This stuffed animal makes a delightful and cuddly gift for kids 3 years and up. Add the Melissa & Doug Tiger Stuffed Animal to round out the hands-on play experience and give kids another engaging option for screen-free fun “THE GOLD STANDARD IN CHILDHOOD PLAY”: For more than 30 years, Melissa & Doug has created beautifully designed imagination- and creativity-sparking products that NBC News called “the gold standard in early childhood play', 'Melissa-Doug-Stuffed-Washable-Surface.jpg', 1),
(95, 'Wild Republic Cuddlekin Three Toed Sloth 12\" Plush, Cuddlekins (12257)', 13, 0, 13, 80, 'Uses the finest of fabrics Highly detailed Perfect for cuddling.Measures thirty inches tall head to toe, 20 inches sitting Unlike other mammals, real Sloths spend most of their lives hanging upside-down from tree branches, so their legs are adapted for that purpose. When the item is in a sitting position it looks ith the back claws pointing inwards, towards each other.', 'Wild-Republic-Cuddlekin-Three-Sloth.jpg', 1),
(96, 'Baby GUND Animated Flappy the Elephant Stuffed Animal Plush, Gray, 12\"', 29, 0, 29, 80, 'FLAPPY THE ELEPHANT: Animated plush Flappy the Elephant by Baby GUND is an adorable singing animated plush with two different play modes. Press the left foot to play an interactive game of peek-a-boo, and the right to hear the song Do Your Ears Hang Low in a cute child s voice! INTERACTIVE PLAY: Flappy comes to life at the push of a button! As baby plays and listens, Flappy s ears flap in time to commands and song to delight baby. THE PERFECT GIFT: Our plush dolls, teddy bears & stuffed animals make perfect gifts for birthdays, baby showers, baptisms, Easter, Valentine s Day & more! A fun gift for any Flappy or elephant lover! QUALITY CUDDLES: Known for our huggable plush designs & gifts, our award-winning bears & toys appeal to all ages from infants & toddlers to adults. They re perfect for play, collecting & cuddling. Includes: 1 GUND plush', 'Gund-Animated-Flappy-Elephant-Plush.jpg', 1);
